{
    "$schema": "http://json-schema.org/draft-07/schema#",
    "title": "ReadonlyREST Kibana plugin settings Schema",
    "type": "object",
    "$defs": {
        "url": {
            "type": "string",
            "pattern": "^(https?|ftp)://[^\\s/$.?#].[^\\s]*$",
            "errorMessage": "Please enter a valid URL starting with http:// or https://"
        }
    },
    "properties": {
        "readonlyrest_kbn": {
            "type": "object",
            "properties": {
                "enabled": {
                    "type": "boolean",
                    "default": true
                },
                "cookiePass": {
                    "type": "string",
                    "minLength": 32
                },
                "cookieName": {
                    "type": "string",
                    "minLength": 5
                },
                "logLevel": {
                    "type": "string",
                    "enum": ["trace", "debug", "info", "warn", "error"],
                    "default": "info"
                },
                "logPrettyPrintEnabled": {
                    "type": "boolean",
                    "default": false
                },
                "store_sessions_in_index": {
                    "type": "boolean",
                    "default": false
                },
                "sessions_index_name": {
                    "type": "string",
                    "default": ".readonlyrest_kbn_sessions"
                },
                "sessions_refresh_after": {
                    "type": "integer",
                    "minimum": 1,
                    "default": 2000
                },
                "sessions_cleanup_interval": {
                    "type": "string",
                    "default": "1d"
                },
                "sessions_probe_interval_seconds": {
                    "type": "integer",
                    "minimum": 10
                },
                "clearSessionOnEvents": {
                    "type": "array",
                    "items": {
                        "type": "string",
                        "enum": ["login", "tenancyHop", "never"]
                    },
                    "default": ["login", "tenancyHop"]
                },
                "session_timeout_minutes": {
                    "type": "integer",
                    "minimum": 1
                },
                "proxy_auth_passthrough": {
                    "type": "boolean",
                    "default": false
                },
                "custom_logout_link": {
                    "type": "string",
                    "minLength": 6
                },
                "custom_login_link": {
                    "type": "string",
                    "minLength": 6
                },
                "login_html_head_inject": {
                    "type": "string"
                },
                "login_custom_css_inject_file": {
                    "type": "string"
                },
                "login_custom_js_inject_file": {
                    "type": "string"
                },
                "custom_middleware_inject_file": {
                    "type": "string"
                },
                "custom_middleware_inject": {
                    "type": "string"
                },
                "login_custom_logo": {
                    "type": "string",
                    "$ref": "#/$defs/url"
                },
                "login_subtitle": {
                    "type": "string"
                },
                "login_title": {
                    "type": "string"
                },
                "kibana_custom_css_inject": {
                    "type": "string"
                },
                "kibana_custom_css_inject_file": {
                    "type": "string"
                },
                "kibana_custom_js_inject": {
                    "type": "string"
                },
                "kibana_custom_js_inject_file": {
                    "type": "string"
                },
                "jwt_query_param": {
                    "type": "string",
                    "default": "jwt"
                },
                "whitelistedPaths": {
                    "type": "array",
                    "items": {
                        "type": "string"
                    }
                },
                "forward_auth_header": {
                    "type": "string"
                },
                "kibanaIndexTemplate": {
                    "type": "string"
                },
                "resetKibanaIndexToTemplate": {
                    "type": "boolean",
                    "default": false
                },
                "pkpKibanaToken": {
                    "type": "string"
                },
                "license": {
                    "type": "object",
                    "properties": {
                        "activationKeyRefreshInterval": {
                            "type": "string"
                        },
                        "activationKeyRetrievalMode": {
                            "type": "string"
                        },
                        "activationKeyFilePath": {
                            "type": "string"
                        }
                    }
                },
                "multiTenancyEnabled": {
                    "type": "boolean",
                    "default": true
                },
                "cookies": {
                    "type": "object",
                    "properties": {
                        "sameSite": {
                            "type": "string",
                            "enum": ["lax", "strict", "none"]
                        },
                        "secure": {
                            "type": "boolean"
                        }
                    }
                },
                "tenantIndex": {
                    "type": "object",
                    "properties": {
                        "number_of_shards": {
                            "type": "integer",
                            "minimum": 0
                        },
                        "number_of_replicas": {
                            "type": "integer",
                            "minimum": 0
                        }
                    }
                },
                "auth": {
                    "type": "object",
                    "properties": {
                        "signature_key": {
                            "type": "string"
                        }
                    },
                    "patternProperties": {
                        "^(?!signature_key$)[a-zA-Z0-9_]+$": {
                            "type": "object",
                            "required": ["type"],
                            "properties": {
                                "enabled": { "type": "boolean", "default": true },
                                "type": { "type": "string", "enum": ["saml", "oidc"] }
                            },
                            "allOf": [
                                {
                                    "if": {
                                        "properties": { "type": { "const": "saml" } },
                                        "required": ["type"]
                                    },
                                    "then": {
                                        "required": ["entryPoint", "logoutUrl", "kibanaExternalHost", "cert"],
                                        "additionalProperties": true,
                                        "properties": {
                                            "protocol": { "type": "string", "default": "http" },
                                            "usernameParameter": { "type": "string", "default": "nameID" },
                                            "groupsParameter": { "type": "string", "default": "memberOf" },
                                            "kibanaExternalHost": { "type": "string" },
                                            "buttonName": { "type": "string" },
                                            "logoutUrl": { "type": "string" },
                                            "decryptionCert": { "type": "string" },
                                            "entryPoint": { "type": "string" },
                                            "decryptionPvk": { "type": "string" },
                                            "cert": { "type": "string" },
                                            "privateCert": { "type": "string" },
                                            "issuer": { "type": "string", "default": "ror" },
                                            "identifierFormat": { "type": "string" },
                                            "disableRequestedAuthnContext": { "type": "boolean" },
                                            "authnContext": {
                                                "oneOf": [
                                                    { "type": "string" },
                                                    {
                                                        "type": "array",
                                                        "items": { "type": "string" }
                                                    }
                                                ]
                                            }
                                        }
                                    }
                                },
                                {
                                    "if": {
                                        "properties": { "type": { "const": "oidc" } },
                                        "required": ["type"]
                                    },
                                    "then": {
                                        "required": [
                                            "kibanaExternalHost",
                                            "clientID",
                                            "clientSecret",
                                            "scope",
                                            "authorizationURL",
                                            "tokenURL",
                                            "userInfoURL",
                                            "logoutUrl",
                                            "jwksURL"
                                        ],
                                        "properties": {
                                            "buttonName": { "type": "string" },
                                            "clientId": { "type": "string" },
                                            "clientSecret": { "type": "string" },
                                            "issuer": { "type": "string" },
                                            "scope": { "type": "string", "default": "openid profile email" },
                                            "responseType": { "type": "string", "default": "code" },
                                            "usernameParameter": { "type": "string", "default": "preferred_username" },
                                            "groupsParameter": { "type": "string", "default": "groups" },
                                            "logoutUrl": { "type": "string" },
                                            "redirectUri": { "type": "string" },
                                            "protocol": { "type": "string" },
                                            "tokenURL": { "type": "string" },
                                            "authorizationURL": { "type": "string" },
                                            "userInfoURL": { "type": "string" },
                                            "jwksURL": { "type": "string" },
                                            "proxyURL": { "type": "string" },
                                            "kibanaExternalHost": { "type": "string" },
                                            "tokenEndpointAuthMethod": {
                                                "type": "string",
                                                "enum": ["client_secret_basic", "client_secret_post"],
                                                "default": "client_secret_basic"
                                            },
                                            "userInfoSource": {
                                                "type": "string",
                                                "enum": ["user_info_endpoint", "access_token", "id_token"],
                                                "default": "user_info_endpoint"
                                            },
                                            "issuerAdditionalParameters": { "type": "object" },
                                            "clientAdditionalParameters": { "type": "object" },
                                            "clockToleranceSeconds": {
                                                "type": "integer",
                                                "minimum": 0,
                                                "default": 0,
                                                "description": "Number of seconds to allow for clock skew when validating OIDC tokens"
                                            }
                                        }
                                    }
                                }
                            ]
                        }
                    },
                    "additionalProperties": false
                }
            },
            "required": ["cookiePass"]
        }
    },
    "required": [],
    "errorMessage": {
        "required": {
            "readonlyrest_kbn": "The settings must include a readonlyrest_kbn section",
            "readonlyrest_kbn.cookiePass": "cookiePass is required and must be at least 32 characters long"
        }
    }
}
